Nifty500,Nifty100,Nifty50
3MINDIA,3MINDIA,3MINDIA
AARTIIND,AARTIIND,AARTIIND
AAVAS,AAVAS,AAVAS
ABB,ABB,ABB
ABBOTINDIA,ABBOTINDIA,ABBOTINDIA
ABCAPITAL,ABCAPITAL,ABCAPITAL
ABFRL,ABFRL,ABFRL
ACC,ACC,ACC
ADANIGAS,ADANIGAS,ADANIGAS
ADANIGREEN,ADANIGREEN,ADANIGREEN
ADANIPORTS,ADANIPORTS,ADANIPORTS
ADANIPOWER,ADANIPOWER,ADANIPOWER
ADANITRANS,ADANITRANS,ADANITRANS
ADVENZYMES,ADVENZYMES,ADVENZYMES
AEGISCHEM,AEGISCHEM,AEGISCHEM
AFFLE,AFFLE,AFFLE
AIAENG,AIAENG,AIAENG
AJANTPHARM,AJANTPHARM,AJANTPHARM
AKZOINDIA,AKZOINDIA,AKZOINDIA
ALKEM,ALKEM,ALKEM
ALKYLAMINE,ALKYLAMINE,ALKYLAMINE
ALLCARGO,ALLCARGO,ALLCARGO
AMARAJABAT,AMARAJABAT,AMARAJABAT
AMBER,AMBER,AMBER
AMBUJACEM,AMBUJACEM,AMBUJACEM
APLAPOLLO,APLAPOLLO,APLAPOLLO
APLLTD,APLLTD,APLLTD
APOLLOHOSP,APOLLOHOSP,APOLLOHOSP
APOLLOTYRE,APOLLOTYRE,APOLLOTYRE
ARVINDFASN,ARVINDFASN
ASAHIINDIA,ASAHIINDIA
ASHOKA,ASHOKA
ASHOKLEY,ASHOKLEY
ASIANPAINT,ASIANPAINT
ASTERDM,ASTERDM
ASTRAL,ASTRAL
ASTRAZEN,ASTRAZEN
ATUL,ATUL
AUBANK
AUROPHARMA
AVANTIFEED
AXISBANK
BAJAJ-AUTO
BAJAJCON
BAJAJELEC
BAJAJFINSV
BAJAJHLDNG
BAJFINANCE
BALKRISIND
BALMLAWRIE
